Brassrat = Jay Gold <brassrat@pentaho.com>
DennisVR = DennisVR <DennisVR@miss.ing>
EHoward = EHoward <EHoward@pentaho.com>
LBoudreau = Luc Boudreau <LBoudreau@pentaho.com>
MattCasters = Matt Casters <mcasters@pentaho.com>
aphillips = Aaron Phillips <aphillips@pentaho.com>
arodriguez = Angelo Rodriguez <arodriguez@pentaho.com>
asilva = Alex Silva <asilva@pentaho.com>
audinchan = Audin Chan <audinchan@gmail.com>
berarma = berarma <berarma@pentaho.com>
bger77 = Bastian <bger77@pentaho.com>
bhagan = Brian Hagan <bhagan@pentaho.com>
biswapesh = biswapesh <biswapesh@pentaho.com>
blienig = blienig <blienig@pentaho.com>
buildguy = buildguy <buildguy@pentaho.com>
cboyden = Curtis Boyden <cboyden@pentaho.com>
cslawomir = Slawormir Chodnicki <cslawomir@pentaho.com>
daune.jf = daune.jf <daune.jf@pentaho.com>
deinspanjer = Daniel Einspanjer <deinspanjer@pentaho.com>
dewwalker = dewwalker <dewwalker@pentaho.com>
dkincade = David Kincade <dkincade@pentaho.com>
dmoran = Doug Moran <dmoran@pentaho.com>
ecuellar = Ezequiel Cuellar <ecuellar@pentaho.com>
ehoward = Enrico Howard <ehoward@pentaho.com>
gmoran = Gretchen Moran <gmoran@pentaho.com>
hdupre = Henri Dupre <henri.dupre@gmail.com>
hhymmen = hhymmen <hhymmen@pentaho.com>
hoezx6r = hoezx6r <hoezx6r@pentaho.com>
itzik = Itzik Pailis <itzik@pentaho.com>
jbleuel = Jens Bleuel <jbleuel@pentaho.com>
jdixon = James Dixon <jdixon@pentaho.com>
jhyde = Julian Hyde <jhyde@pentaho.com>
jganoff = Jordan Ganoff <jganoff@pentaho.com>
jianjunchu = jianjunchu <jianjunchu@pentaho.com>
jtcornelius = Jake Cornelius <jtcornelius@pentaho.com>
jvanhent = Johnny Vanhentenryk <jvanhent@pentaho.com>
lcheng = Lee Cheng <lcheng@pentaho.com>
m.stoedtler = m.stoedtler <m.stoedtler@pentaho.com>
mbaker = Marina Baker <mbaker@pentaho.com>
mbatchelor = Marc Batchelor <mbatchelor@pentaho.com>
mcarina = mcarina <mcarina@pentaho.com>
mcasters = Matt Casters <mcasters@pentaho.com>
mdamour = Michael D'Aamour <mdamour@pentaho.com>
mgugerell = michael gugerell <michael@wochs.com>
mhall = Mark Hall <mhall@pentaho.com>
mjansen = mjansen <mjansen@pentaho.com>
mlowery = Mat Lowery <mlowery@pentaho.com>
molm = molm <molm@pentaho.com>
nbaker = Nick Baker <nbaker@pentaho.com>
ngoodman = Nick Goodman <ngoodman@pentaho.com>
nico.ben = nico.ben <nico.ben@pentaho.com>
pcole = pcole <pcole@pentaho.com>
pietervdm = pietervdm <pietervdm@pentaho.com>
pmalves = Pedro Alves <pmgalves@gmail.com>
pstoellberge = pstoellberge <pstoellberge@pentaho.com>
pstoellberger = pstoellberger <pstoellberger@pentaho.com>
psung = Paul Sung <psung@pentaho.com>
qinhui99 = qinhui99 <qinhui99@pentaho.com>
rfellows = Rob Fellows <rfellows@pentaho.com>
rhasija = rhasija <rhasija@pentaho.com>
rmansoor = Ramaiz Mansoor <rmansoor@pentaho.com>
rwintner = rwintner <rwintner@pentaho.com>
sbarkdull = Steven Barkdull <sbarkdull@pentaho.com>
sboden = Sven Boden <sboden@pentaho.com>
sdecloix = sdecloix <sdecloix@pentaho.com>
sflatley = Sean Flatley <sflatley@pentaho.com>
shassan2 = shassan2 <shassan2@pentaho.com>
sven.thiergen = sven.thiergen <sven.thiergen@pentaho.com>
svm = svm <svm@pentaho.com>
syamagami = syamagami <syamagami@pentaho.com>
tcook = tcook <tcook@pentaho.com>
tdidomenico = tdidomenico <tdidomenico@pentaho.com>
uranus_hkjp = uranus_hkjp <uranus_hkjp@pentaho.com>
vitoecn = vitoecn <vitoecn@pentaho.com>
wconroy = wconroy <wconroy@pentaho.com>
wdeclerc = wdeclerc <wdeclerc@pentaho.com>
wgorman = Will Gorman <wgorman@pentaho.com>
wseyler = William Seyler <wseyler@pentaho.com>
ykim = ykim <ykim@pentaho.com>
lboudreau = Luc Boudreau <lboudreau@pentaho.com>
rbelen = Rowell Belen <rbelen@pentaho.com>
tmorgner = Thomas Morgner <tmorgner@pentaho.com>
tkafalas = Tim Kafalas <tkafalas@pentaho.com>
schodnicki = Slawomir Chodnicki <schodnicki@pentaho.com>
skarmali = Sulaiman Karmali <skarmali@pentaho.com>
tband = Tyler Band <tband@pentaho.com>
pminutillo = Peter Minutillo <pminutillo@pentaho.com>
bchow = Benny Chow <bchow@pentaho.com>
mburgess = Matt Burgess <mburgess@pentaho.com>
bholecko = Brian Holecko <bholecko@pentaho.com>
bseyler = William Seyler <wseyler@pentaho.com>
jthomas = Jeff Thomas <jthomas@pentaho.com>
lgrill = Larry Grill <lgrill@pentaho.com>
